rdp,netbios,mdns,smb,dhcp,ssdp,tpkt,arp,ipaddrsrc,ipaddrdst
0,0x5565baa372a6,0,0,0,0,0,0,192.168.200.2,192168200255
0,0x5565baa372a6,0,0,0,0,0,0,192.168.200.2,192168200255
0,0,0x5565baa372a6,0,0,0,0,0,192.168.200.2,224.0.0.251
0,0,0x5565baa372a6,0,0,0,0,0,192.168.200.2,224.0.0.251
0,0,0x5565baa372a6,0,0,0,0,0,192.168.200.2,224.0.0.251
0,0,0x5565baa372a6,0,0,0,0,0,192.168.200.2,224.0.0.251
0,0x5565baa372a6,0,0,0,0,0,0,192.168.200.2,192168200255
0,0x5565baa372a6,0,0,0,0,0,0,192.168.200.2,192168200255
0,0,0x5565baa372a6,0,0,0,0,0,192.168.200.2,224.0.0.251
0,0,0x5565baa372a6,0,0,0,0,0,192.168.200.2,224.0.0.251
0,0,0x5565baa372a6,0,0,0,0,0,192.168.200.2,224.0.0.251
0,0,0x5565baa372a6,0,0,0,0,0,192.168.200.2,224.0.0.251
0,0x5565baa372a6,0,0,0,0,0,0,192.168.200.2,192168200255
0,0x5565baa372a6,0,0,0,0,0,0,192.168.200.2,192168200255
0,0x5565baa372a6,0,0,0,0,0,0,192.168.200.2,192168200255
0,0x5565baa372a6,0,0,0,0,0,0,192.168.200.2,192168200255
0,0,0x5565baa372a6,0,0,0,0,0,192.168.200.2,224.0.0.251
0,0,0x5565baa372a6,0,0,0,0,0,192.168.200.2,224.0.0.251
0,0,0x5565baa372a6,0,0,0,0,0,192.168.200.2,224.0.0.251
0,0,0x5565baa372a6,0,0,0,0,0,192.168.200.2,224.0.0.251
0,0x5565baa372a6,0,0,0,0,0,0,192.168.200.2,192168200255
0,0x5565baa372a6,0,0,0,0,0,0,192.168.200.2,192168200255
0,0,0x5565baa372a6,0,0,0,0,0,192.168.200.2,224.0.0.251
0,0,0x5565baa372a6,0,0,0,0,0,192.168.200.2,224.0.0.251
0,0,0x5565baa372a6,0,0,0,0,0,192.168.200.2,224.0.0.251
0,0,0x5565baa372a6,0,0,0,0,0,192.168.200.2,224.0.0.251
0,0x5565baa372a6,0,0,0,0,0,0,192.168.200.2,192168200255
0,0x5565baa372a6,0,0,0,0,0,0,192.168.200.2,192168200255
0,0x5565baa372a6,0,0,0,0,0,0,192.168.200.2,192168200255
0,0x5565baa372a6,0,0,0,0,0,0,192.168.200.2,192168200255
0,0,0x5565baa372a6,0,0,0,0,0,192.168.200.2,224.0.0.251
0,0,0x5565baa372a6,0,0,0,0,0,192.168.200.2,224.0.0.251
0,0,0x5565baa372a6,0,0,0,0,0,192.168.200.2,224.0.0.251
0,0,0x5565baa372a6,0,0,0,0,0,192.168.200.2,224.0.0.251
0,0x5565baa372a6,0,0,0,0,0,0,192.168.200.2,192168200255
0,0x5565baa372a6,0,0,0,0,0,0,192.168.200.2,192168200255
0,0,0x5565baa372a6,0,0,0,0,0,192.168.200.2,224.0.0.251
0,0,0x5565baa372a6,0,0,0,0,0,192.168.200.2,224.0.0.251
0,0,0x5565baa372a6,0,0,0,0,0,192.168.200.2,224.0.0.251
0,0,0x5565baa372a6,0,0,0,0,0,192.168.200.2,224.0.0.251
0,0x5565baa372a6,0,0,0,0,0,0,192.168.200.2,192168200255
0,0x5565baa372a6,0,0,0,0,0,0,192.168.200.2,192168200255
0,0x5565baa372a6,0,0,0,0,0,0,192.168.200.2,192168200255
0,0x5565baa372a6,0,0,0,0,0,0,192.168.200.2,192168200255
0,0,0x5565baa372a6,0,0,0,0,0,192.168.200.2,224.0.0.251
0,0,0x5565baa372a6,0,0,0,0,0,192.168.200.2,224.0.0.251
0,0,0x5565baa372a6,0,0,0,0,0,192.168.200.2,224.0.0.251
0,0,0x5565baa372a6,0,0,0,0,0,192.168.200.2,224.0.0.251
0,0x5565baa372a6,0,0,0,0,0,0,192.168.200.2,192168200255
0,0x5565baa372a6,0,0,0,0,0,0,192.168.200.2,192168200255
0,0,0x5565baa372a6,0,0,0,0,0,192.168.200.2,224.0.0.251
0,0,0x5565baa372a6,0,0,0,0,0,192.168.200.2,224.0.0.251
0,0,0x5565baa372a6,0,0,0,0,0,192.168.200.2,224.0.0.251
0,0,0x5565baa372a6,0,0,0,0,0,192.168.200.2,224.0.0.251
0,0x5565baa372a6,0,0,0,0,0,0,192.168.200.2,192168200255
0,0x5565baa372a6,0,0,0,0,0,0,192.168.200.2,192168200255
0,0x5565baa372a6,0,0,0,0,0,0,192.168.200.2,192168200255
0,0x5565baa372a6,0,0,0,0,0,0,192.168.200.2,192168200255
0,0,0x5565baa372a6,0,0,0,0,0,192.168.200.2,224.0.0.251
0,0,0x5565baa372a6,0,0,0,0,0,192.168.200.2,224.0.0.251
0,0,0x5565baa372a6,0,0,0,0,0,192.168.200.2,224.0.0.251
0,0,0x5565baa372a6,0,0,0,0,0,192.168.200.2,224.0.0.251
0,0x5565baa372a6,0,0,0,0,0,0,192.168.200.2,192168200255
0,0x5565baa372a6,0,0,0,0,0,0,192.168.200.2,192168200255
0,0,0,0,0,0,0,0,,
0,0,0x5565baa372a6,0,0,0,0,0,192.168.200.2,224.0.0.251
0,0,0x5565baa372a6,0,0,0,0,0,192.168.200.2,224.0.0.251
0,0,0x5565baa372a6,0,0,0,0,0,192.168.200.2,224.0.0.251
0,0,0x5565baa372a6,0,0,0,0,0,192.168.200.2,224.0.0.251
0,0x5565baa372a6,0,0,0,0,0,0,192.168.200.2,192168200255
0,0x5565baa372a6,0,0,0,0,0,0,192.168.200.2,192168200255
0,0x5565baa372a6,0,0,0,0,0,0,192.168.200.2,192168200255
0,0,0x5565baa372a6,0,0,0,0,0,192.168.200.2,224.0.0.251
0,0,0x5565baa372a6,0,0,0,0,0,192.168.200.2,224.0.0.251
0,0x5565baa372a6,0,0,0,0,0,0,192.168.200.2,192168200255
0,0,0x5565baa372a6,0,0,0,0,0,192.168.200.2,224.0.0.251
0,0,0x5565baa372a6,0,0,0,0,0,192.168.200.2,224.0.0.251
0,0x5565baa372a6,0,0,0,0,0,0,192.168.200.2,192168200255
0,0x5565baa372a6,0,0,0,0,0,0,192.168.200.2,192168200255
0,0,0x5565baa372a6,0,0,0,0,0,192.168.200.2,224.0.0.251
0,0,0x5565baa372a6,0,0,0,0,0,192.168.200.2,224.0.0.251
0,0,0x5565baa372a6,0,0,0,0,0,192.168.200.2,224.0.0.251
0,0,0x5565baa372a6,0,0,0,0,0,192.168.200.2,224.0.0.251
0,0x5565baa372a6,0,0,0,0,0,0,192.168.200.2,192168200255
0,0x5565baa372a6,0,0,0,0,0,0,192.168.200.2,192168200255
0,0x5565baa372a6,0,0,0,0,0,0,192.168.200.2,192168200255
0,0x5565baa372a6,0,0,0,0,0,0,192.168.200.2,192168200255
0,0,0x5565baa372a6,0,0,0,0,0,192.168.200.2,224.0.0.251
0,0,0x5565baa372a6,0,0,0,0,0,192.168.200.2,224.0.0.251
0,0,0x5565baa372a6,0,0,0,0,0,192.168.200.2,224.0.0.251
0,0,0x5565baa372a6,0,0,0,0,0,192.168.200.2,224.0.0.251
0,0x5565baa372a6,0,0,0,0,0,0,192.168.200.2,192168200255
0,0x5565baa372a6,0,0,0,0,0,0,192.168.200.2,192168200255
0,0,0x5565baa372a6,0,0,0,0,0,192.168.200.2,224.0.0.251
0,0,0x5565baa372a6,0,0,0,0,0,192.168.200.2,224.0.0.251
0,0,0x5565baa372a6,0,0,0,0,0,192.168.200.2,224.0.0.251
0,0,0x5565baa372a6,0,0,0,0,0,192.168.200.2,224.0.0.251
0,0x5565baa372a6,0,0,0,0,0,0,192.168.200.2,192168200255
0,0x5565baa372a6,0,0,0,0,0,0,192.168.200.2,192168200255
0,0x5565baa372a6,0,0,0,0,0,0,192.168.200.2,192168200255
0,0,0x5565baa372a6,0,0,0,0,0,192.168.200.2,224.0.0.251
0,0,0x5565baa372a6,0,0,0,0,0,192.168.200.2,224.0.0.251
0,0x5565baa372a6,0,0,0,0,0,0,192.168.200.2,192168200255
0,0,0x5565baa372a6,0,0,0,0,0,192.168.200.2,224.0.0.251
0,0,0x5565baa372a6,0,0,0,0,0,192.168.200.2,224.0.0.251
0,0x5565baa372a6,0,0,0,0,0,0,192.168.200.2,192168200255
0,0x5565baa372a6,0,0,0,0,0,0,192.168.200.2,192168200255
0,0,0x5565baa372a6,0,0,0,0,0,192.168.200.2,224.0.0.251
0,0,0x5565baa372a6,0,0,0,0,0,192.168.200.2,224.0.0.251
0,0,0x5565baa372a6,0,0,0,0,0,192.168.200.2,224.0.0.251
0,0,0x5565baa372a6,0,0,0,0,0,192.168.200.2,224.0.0.251
0,0x5565baa372a6,0,0,0,0,0,0,192.168.200.2,192168200255
0,0x5565baa372a6,0,0,0,0,0,0,192.168.200.2,192168200255
0,0x5565baa372a6,0,0,0,0,0,0,192.168.200.2,192168200255
0,0x5565baa372a6,0,0,0,0,0,0,192.168.200.2,192168200255
0,0,0x5565baa372a6,0,0,0,0,0,192.168.200.2,224.0.0.251
0,0,0x5565baa372a6,0,0,0,0,0,192.168.200.2,224.0.0.251
0,0,0x5565baa372a6,0,0,0,0,0,192.168.200.2,224.0.0.251
0,0,0x5565baa372a6,0,0,0,0,0,192.168.200.2,224.0.0.251
0,0x5565baa372a6,0,0,0,0,0,0,192.168.200.2,192168200255
0,0x5565baa372a6,0,0,0,0,0,0,192.168.200.2,192168200255
0,0,0x5565baa372a6,0,0,0,0,0,192.168.200.2,224.0.0.251
0,0,0x5565baa372a6,0,0,0,0,0,192.168.200.2,224.0.0.251
0,0,0x5565baa372a6,0,0,0,0,0,192.168.200.2,224.0.0.251
0,0,0x5565baa372a6,0,0,0,0,0,192.168.200.2,224.0.0.251
0,0x5565baa372a6,0,0,0,0,0,0,192.168.200.2,192168200255
0,0x5565baa372a6,0,0,0,0,0,0,192.168.200.2,192168200255
0,0,0,0,0,0,0,0,,
